conversation_id,type,last_action_at,conversation_title
16,PRIVATE,2024-03-20 07:56:37.147560 +00:00,
17,PRIVATE,2024-03-22 22:42:17.733225 +00:00,
18,PRIVATE,2024-03-25 21:40:44.194712 +00:00,
19,PRIVATE,2024-03-27 12:53:08.496129 +00:00,
20,PRIVATE,2024-03-27 22:25:15.741815 +00:00,
21,PRIVATE,2024-03-27 22:25:21.170034 +00:00,
22,PRIVATE,2024-03-27 22:25:25.265597 +00:00,
23,PRIVATE,2024-03-27 22:25:29.267895 +00:00,
24,PRIVATE,2024-03-27 22:25:33.304930 +00:00,
25,PRIVATE,2024-03-27 22:25:37.549747 +00:00,
26,PRIVATE,2024-03-27 22:25:41.196173 +00:00,
27,PRIVATE,2024-03-27 22:25:45.182430 +00:00,
28,PRIVATE,2024-03-27 22:25:48.996170 +00:00,
29,PRIVATE,2024-03-27 22:25:54.566766 +00:00,
30,PRIVATE,2024-03-29 00:13:54.338126 +00:00,
31,PRIVATE,2024-03-29 00:14:04.050261 +00:00,
33,PRIVATE,2024-03-29 00:15:37.604393 +00:00,
32,PRIVATE,2024-03-29 00:16:01.799942 +00:00,
34,PRIVATE,2024-03-30 08:16:40.034246 +00:00,
